<?xml version="1.0" encoding="UTF-8"?>
<beans xmlns="http://www.springframework.org/schema/beans"
	xmlns:xsi="http://www.w3.org/2001/XMLSchema-instance" xmlns:context="http://www.springframework.org/schema/context"
	xmlns:tx="http://www.springframework.org/schema/tx" xmlns:mvc="http://www.springframework.org/schema/mvc"
	xsi:schemaLocation="http://www.springframework.org/schema/beans
http://www.springframework.org/schema/beans/spring-beans.xsd
http://www.springframework.org/schema/context
http://www.springframework.org/schema/context/spring-context.xsd
http://www.springframework.org/schema/tx 
http://www.springframework.org/schema/tx/spring-tx-4.0.xsd
http://www.springframework.org/schema/mvc
http://www.springframework.org/schema/mvc/spring-mvc.xsd">
	<mvc:annotation-driven />
	<context:component-scan base-package="com.gov" />
	<bean id="viewResolver"
		class="org.springframework.web.servlet.view.InternalResourceViewResolver">
		<property name="prefix" value="WEB-INF/pages/" />
		<property name="suffix" value=".jsp" />
	</bean>

	<bean id="template" class="org.springframework.jdbc.core.JdbcTemplate"
		scope="singleton">
		<property name="dataSource" ref="dataSource" />
	</bean>
	<bean id="dataSource"
		class="org.springframework.jdbc.datasource.DriverManagerDataSource"
		scope="singleton">
		<property name="driverClassName" value="oracle.jdbc.driver.OracleDriver" />
		<property name="url" value="jdbc:oracle:thin:@192.168.100.252:1521:XE" />
		<property name="username" value="squadron" />
		<property name="password" value="scholar" />
	</bean>

	<bean id="emf"
		class="org.springframework.orm.jpa.LocalContainerEntityManagerFactoryBean">
		<property name="dataSource" ref="dataSource" />
		<property name="packagesToScan" value="com.gov.model" />
		<property name="persistenceProviderClass"
			value="org.hibernate.jpa.HibernatePersistenceProvider" />
	</bean>
	<bean id="transactionManager" class="org.springframework.orm.jpa.JpaTransactionManager">
		<property name="entityManagerFactory" ref="emf" />
	</bean>
	<bean id="mailSender" class="org.springframework.mail.javamail.JavaMailSenderImpl">
        <property name="host" value="smtp.gmail.com"/>
        <property name="port" value="587" />
        <property name="username" value="squadron.institute@gmail.com"/>
        <property name="password" value="scholar@123"/>
        <property name="javaMailProperties">
            <props>
                <prop key="mail.transport.protocol">smtp</prop>
                <prop key="mail.smtp.auth">true</prop>
                <prop key="mail.smtp.starttls.enable">true</prop>
                <prop key="mail.debug">true</prop>
                <prop key="mail.smtp.connecttimeout">50000</prop>
                <prop key="mail.smtp.timeout">30000</prop>
                <prop key="mail.smtp.writetimeout">50000</prop>
            </props>
        </property>
	</bean>
    
    <bean id="preConfiguredMessage" class="org.springframework.mail.SimpleMailMessage">
        <property name="from" value="squadron.institute@gmail.com"></property>
    </bean>
    
   <bean id="multipartResolver"
		class="org.springframework.web.multipart.commons.CommonsMultipartResolver">

		 <!-- setting maximum upload size -->
		<property name="maxUploadSize" value="10000000000" />

	</bean>
     <mvc:resources mapping="/resources/**" location="/resources/"
	cache-period="31556926"/>
	
	<tx:annotation-driven transaction-manager="transactionManager" />
	<mvc:resources mapping="/css/**" location="/css/" />
</beans>